Team_ID,Team_Composition,BT_Strength,Total_Wins,Total_Games,Win_Rate,Rank
2,"Ant, Ant, Cricket",87.85281945506763,708870.0,729000.0,0.9723868312757201,1
245,"Fish, Ant, Cricket",60.316034552822764,700769.5,729000.0,0.9612750342935528,2
3,"Ant, Ant, Fish",41.36302104189219,689927.5,729000.0,0.9464026063100137,3
30,"Ant, Fish, Fish",29.861583256787082,677898.5,729000.0,0.9299019204389575,4
246,"Fish, Ant, Fish",29.351560978221833,677185.5,729000.0,0.9289238683127572,5
29,"Ant, Fish, Cricket",28.976209345756008,676647.5,729000.0,0.9281858710562414,6
7,"Ant, Ant, Otter",26.638300229256522,673017.5,729000.0,0.9232064471879287,7
5,"Ant, Ant, Mosquito",25.331988343893702,670752.0,729000.0,0.9200987654320988,8
407,"Mosquito, Ant, Cricket",24.509220730100164,669224.5,729000.0,0.9180034293552812,9
273,"Fish, Fish, Fish",22.97666338379636,666144.5,729000.0,0.913778463648834,10
32,"Ant, Fish, Mosquito",22.375154887563806,664843.0,729000.0,0.9119931412894375,11
47,"Ant, Mosquito, Cricket",21.7817293717524,663502.5,729000.0,0.9101543209876544,12
48,"Ant, Mosquito, Fish",21.067444850291807,661809.0,729000.0,0.9078312757201646,13
248,"Fish, Ant, Mosquito",19.771597672468268,658489.5,729000.0,0.9032777777777777,14
50,"Ant, Mosquito, Mosquito",18.05103779000421,653507.0,729000.0,0.8964430727023319,15
83,"Beaver, Ant, Cricket",18.026966351000095,653432.0,729000.0,0.8963401920438957,16
275,"Fish, Fish, Mosquito",17.738877004349547,652522.0,729000.0,0.8950919067215364,17
408,"Mosquito, Ant, Fish",17.47229215443173,651659.0,729000.0,0.8939080932784637,18
272,"Fish, Fish, Cricket",17.33984050107062,651222.5,729000.0,0.8933093278463649,19
20,"Ant, Cricket, Cricket",16.535307337743514,648454.5,729000.0,0.8895123456790124,20
291,"Fish, Mosquito, Fish",15.704016251121017,645365.0,729000.0,0.8852743484224965,21
250,"Fish, Ant, Otter",14.913718236781817,642183.5,729000.0,0.8809101508916324,22
293,"Fish, Mosquito, Mosquito",14.768968209160327,641572.5,729000.0,0.8800720164609054,23
12,"Ant, Beaver, Fish",14.605424511557638,640871.0,729000.0,0.8791097393689986,24
21,"Ant, Cricket, Fish",14.287790642923435,639473.5,729000.0,0.8771927297668038,25
435,"Mosquito, Fish, Fish",14.142325965816031,638817.5,729000.0,0.876292866941015,26
410,"Mosquito, Ant, Mosquito",13.844356657310975,637441.0,729000.0,0.8744046639231824,27
34,"Ant, Fish, Otter",13.815331846428743,637304.5,729000.0,0.8742174211248286,28
1,"Ant, Ant, Beaver",13.511724568073811,635850.0,729000.0,0.8722222222222222,29
437,"Mosquito, Fish, Mosquito",13.409696914667931,635350.0,729000.0,0.8715363511659808,30
0,"Ant, Ant, Ant",13.298611787987133,634799.0,729000.0,0.8707805212620028,31
84,"Beaver, Ant, Fish",13.036058953714367,633468.5,729000.0,0.8689554183813443,32
28,"Ant, Fish, Beaver",12.775144177408214,632105.5,729000.0,0.8670857338820301,33
290,"Fish, Mosquito, Cricket",12.104237998342937,628399.5,729000.0,0.8620020576131687,34
434,"Mosquito, Fish, Cricket",12.046561268948727,628066.5,729000.0,0.8615452674897119,35
255,"Fish, Beaver, Fish",11.548634558337021,625089.0,729000.0,0.8574609053497942,36
23,"Ant, Cricket, Mosquito",11.292163823566385,623479.5,729000.0,0.8552530864197531,37
453,"Mosquito, Mosquito, Fish",11.231371180299648,623090.0,729000.0,0.854718792866941,38
27,"Ant, Fish, Ant",11.135600246369714,622470.0,729000.0,0.8538683127572017,39
455,"Mosquito, Mosquito, Mosquito",11.066769941091444,622019.5,729000.0,0.8532503429355281,40
11,"Ant, Beaver, Cricket",10.740397110715023,619825.5,729000.0,0.8502407407407407,41
52,"Ant, Mosquito, Otter",10.69283014003994,619497.5,729000.0,0.8497908093278463,42
244,"Fish, Ant, Beaver",10.607260904100032,618902.0,729000.0,0.8489739368998628,43
14,"Ant, Beaver, Mosquito",10.454556713168046,617821.5,729000.0,0.8474917695473251,44
111,"Beaver, Fish, Fish",10.246920768458681,616314.5,729000.0,0.8454245541838135,45
6,"Ant, Ant, Mouse",10.142022501505366,615536.0,729000.0,0.8443566529492456,46
243,"Fish, Ant, Ant",10.084955056958727,615107.5,729000.0,0.8437688614540466,47
164,"Cricket, Ant, Cricket",10.069785624533518,614993.0,729000.0,0.8436117969821674,48
412,"Mosquito, Ant, Otter",9.890455918519407,613620.0,729000.0,0.8417283950617284,49
277,"Fish, Fish, Otter",9.200348958914367,607978.0,729000.0,0.8339890260631001,50
271,"Fish, Fish, Beaver",9.180883660503895,607810.0,729000.0,0.833758573388203,51
650,"Pig, Ant, Cricket",9.129897512107684,607367.5,729000.0,0.8331515775034294,52
452,"Mosquito, Mosquito, Cricket",9.013353881679135,606342.5,729000.0,0.8317455418381344,53
46,"Ant, Mosquito, Beaver",8.905417242277926,605376.0,729000.0,0.8304197530864198,54
257,"Fish, Beaver, Mosquito",8.87697439908388,605118.5,729000.0,0.8300665294924554,55
165,"Cricket, Ant, Fish",8.639471114374759,602921.0,729000.0,0.8270521262002744,56
86,"Beaver, Ant, Mosquito",8.542532728685265,601999.0,729000.0,0.8257873799725651,57
264,"Fish, Cricket, Fish",8.421082309750847,600822.5,729000.0,0.8241735253772291,58
45,"Ant, Mosquito, Ant",7.890435785561688,595383.5,729000.0,0.8167126200274348,59
66,"Ant, Otter, Fish",7.869378798845717,595157.0,729000.0,0.8164019204389574,60
167,"Cricket, Ant, Mosquito",7.68164280872059,593099.0,729000.0,0.8135788751714678,61
270,"Fish, Fish, Ant",7.58308979405392,591990.0,729000.0,0.8120576131687243,62
25,"Ant, Cricket, Otter",7.244790955610844,588023.5,729000.0,0.8066165980795611,63
192,"Cricket, Fish, Fish",7.1783571847516,587214.0,729000.0,0.8055061728395062,64
266,"Fish, Cricket, Mosquito",7.165205203928848,587052.5,729000.0,0.8052846364883401,65
113,"Beaver, Fish, Mosquito",6.986085988857133,584811.0,729000.0,0.8022098765432099,66
295,"Fish, Mosquito, Otter",6.965010685700673,584542.0,729000.0,0.801840877914952,67
33,"Ant, Fish, Mouse",6.824638374280066,582721.0,729000.0,0.7993429355281207,68
249,"Fish, Ant, Mouse",6.695000346820129,580992.5,729000.0,0.7969718792866941,69
65,"Ant, Otter, Cricket",6.693039469717109,580966.0,729000.0,0.7969355281207133,70
651,"Pig, Ant, Fish",6.678265980120801,580766.0,729000.0,0.7966611796982167,71
10,"Ant, Beaver, Beaver",6.663721362958642,580568.5,729000.0,0.7963902606310014,72
439,"Mosquito, Fish, Otter",6.639443316224342,580237.5,729000.0,0.7959362139917695,73
110,"Beaver, Fish, Cricket",6.634653538049552,580172.0,729000.0,0.7958463648834019,74
406,"Mosquito, Ant, Beaver",6.619001290007591,579957.5,729000.0,0.7955521262002744,75
194,"Cricket, Fish, Mosquito",6.603690448559522,579747.0,729000.0,0.7952633744855967,76
68,"Ant, Otter, Mosquito",6.544008947759971,578920.0,729000.0,0.7941289437585733,77
417,"Mosquito, Beaver, Fish",6.4651020174820095,577810.5,729000.0,0.7926069958847737,78
289,"Fish, Mosquito, Beaver",6.369497940943963,576441.0,729000.0,0.7907283950617284,79
88,"Beaver, Ant, Otter",6.296113782318256,575370.5,729000.0,0.7892599451303155,80
405,"Mosquito, Ant, Ant",6.249224552070904,574677.5,729000.0,0.7883093278463649,81
433,"Mosquito, Fish, Beaver",6.238466743103002,574517.5,729000.0,0.7880898491083677,82
129,"Beaver, Mosquito, Fish",6.22358222133645,574295.5,729000.0,0.7877853223593965,83
263,"Fish, Cricket, Cricket",6.208312588414853,574067.0,729000.0,0.7874718792866942,84
419,"Mosquito, Beaver, Mosquito",6.2049114830367325,574016.0,729000.0,0.7874019204389575,85
426,"Mosquito, Cricket, Fish",6.088790813648968,572251.5,729000.0,0.7849814814814815,86
212,"Cricket, Mosquito, Mosquito",6.087134501255739,572226.0,729000.0,0.7849465020576132,87
326,"Horse, Ant, Cricket",6.064785823781332,571881.0,729000.0,0.7844732510288066,88
428,"Mosquito, Cricket, Mosquito",5.861143432424937,568655.5,729000.0,0.7800486968449931,89
254,"Fish, Beaver, Cricket",5.831727658383143,568177.0,729000.0,0.7793923182441701,90
253,"Fish, Beaver, Beaver",5.618206991347912,564603.0,729000.0,0.7744897119341564,91
569,"Otter, Ant, Cricket",5.561074916157126,563615.5,729000.0,0.7731351165980795,92
210,"Cricket, Mosquito, Fish",5.531532317050163,563099.5,729000.0,0.7724272976680384,93
82,"Beaver, Ant, Beaver",5.506110464205076,562652.5,729000.0,0.7718141289437586,94
131,"Beaver, Mosquito, Mosquito",5.487894790916166,562330.5,729000.0,0.7713724279835391,95
16,"Ant, Beaver, Otter",5.460218046026499,561838.5,729000.0,0.7706975308641976,96
93,"Beaver, Beaver, Fish",5.4435454925307045,561540.5,729000.0,0.7702887517146776,97
318,"Fish, Pig, Fish",5.397687577251603,560714.5,729000.0,0.7691556927297668,98
19,"Ant, Cricket, Beaver",5.393714833705906,560642.5,729000.0,0.7690569272976681,99
288,"Fish, Mosquito, Ant",5.301848082463696,558957.5,729000.0,0.7667455418381345,100
457,"Mosquito, Mosquito, Otter",5.300904989839477,558940.0,729000.0,0.766721536351166,101
432,"Mosquito, Fish, Ant",5.29621979569152,558853.0,729000.0,0.76660219478738,102
9,"Ant, Beaver, Ant",5.2795702999152585,558543.0,729000.0,0.7661769547325102,103
678,"Pig, Fish, Fish",5.271672885060509,558395.5,729000.0,0.7659746227709191,104
570,"Otter, Ant, Fish",5.270603262953492,558375.5,729000.0,0.7659471879286694,105
51,"Ant, Mosquito, Mouse",5.046679690907462,554065.5,729000.0,0.7600349794238683,106
81,"Beaver, Ant, Ant",4.987582408967155,552885.5,729000.0,0.7584163237311385,107
18,"Ant, Cricket, Ant",4.9174288029675735,551460.5,729000.0,0.7564615912208504,108
572,"Otter, Ant, Mosquito",4.9060336506582125,551226.5,729000.0,0.7561406035665295,109
327,"Horse, Ant, Fish",4.8651492427104746,550381.0,729000.0,0.7549807956104252,110
425,"Mosquito, Cricket, Cricket",4.798834540466702,548989.5,729000.0,0.7530720164609054,111
451,"Mosquito, Mosquito, Beaver",4.7646603728617976,548262.5,729000.0,0.7520747599451303,112
653,"Pig, Ant, Mosquito",4.459304010709479,541448.0,729000.0,0.7427270233196159,113
109,"Beaver, Fish, Beaver",4.453451982630097,541311.5,729000.0,0.742539780521262,114
35,"Ant, Fish, Pig",4.406697125708571,540212.5,729000.0,0.7410322359396434,115
191,"Cricket, Fish, Cricket",4.403487449157655,540136.5,729000.0,0.7409279835390946,116
75,"Ant, Pig, Fish",4.380370596899009,539587.0,729000.0,0.7401742112482853,117
278,"Fish, Fish, Pig",4.346892012996519,538784.5,729000.0,0.7390733882030178,118
411,"Mosquito, Ant, Mouse",4.345252725709881,538745.0,729000.0,0.7390192043895748,119
57,"Ant, Mouse, Fish",4.311545607864212,537928.5,729000.0,0.7378991769547325,120
128,"Beaver, Mosquito, Cricket",4.294440765289123,537511.0,729000.0,0.7373264746227709,121
276,"Fish, Fish, Mouse",4.179195681052045,534641.0,729000.0,0.7333895747599452,122
22,"Ant, Cricket, Horse",4.072169163096867,531883.0,729000.0,0.7296063100137175,123
450,"Mosquito, Mosquito, Ant",4.061424911579247,531601.0,729000.0,0.7292194787379973,124
320,"Fish, Pig, Mosquito",4.018039679200228,530452.5,729000.0,0.7276440329218107,125
169,"Cricket, Ant, Otter",3.9876113959820105,529637.5,729000.0,0.7265260631001371,126
31,"Ant, Fish, Horse",3.979059007398424,529407.0,729000.0,0.7262098765432099,127
416,"Mosquito, Beaver, Cricket",3.9328472778656036,528150.5,729000.0,0.7244862825788752,128
309,"Fish, Otter, Fish",3.928487978419083,528031.0,729000.0,0.7243223593964335,129
311,"Fish, Otter, Mosquito",3.8692422239603173,526390.0,729000.0,0.7220713305898491,130
252,"Fish, Beaver, Ant",3.8023876677904447,524499.5,729000.0,0.7194780521262003,131
8,"Ant, Ant, Pig",3.800272452663486,524439.0,729000.0,0.7193950617283951,132
115,"Beaver, Fish, Otter",3.794267081044555,524267.0,729000.0,0.7191591220850481,133
163,"Cricket, Ant, Beaver",3.7380328737916817,522639.5,729000.0,0.7169266117969821,134
4,"Ant, Ant, Horse",3.7290617046135286,522377.0,729000.0,0.7165665294924555,135
274,"Fish, Fish, Horse",3.720815202976903,522135.0,729000.0,0.7162345679012345,136
95,"Beaver, Beaver, Mosquito",3.6823934856304743,520998.5,729000.0,0.7146755829903978,137
209,"Cricket, Mosquito, Cricket",3.6765720268501885,520825.0,729000.0,0.714437585733882,138
70,"Ant, Otter, Otter",3.645216156010476,519884.5,729000.0,0.7131474622770919,139
354,"Horse, Fish, Fish",3.6248611188267663,519268.5,729000.0,0.7123024691358024,140
599,"Otter, Fish, Mosquito",3.57537105397752,517752.5,729000.0,0.7102229080932785,141
259,"Fish, Beaver, Otter",3.5696967007104945,517577.0,729000.0,0.7099821673525377,142
617,"Otter, Mosquito, Mosquito",3.5620195805114556,517339.0,729000.0,0.7096556927297668,143
329,"Horse, Ant, Mosquito",3.5579796789193163,517213.5,729000.0,0.7094835390946502,144
39,"Ant, Horse, Fish",3.5407900299077295,516677.5,729000.0,0.7087482853223595,145
56,"Ant, Mouse, Cricket",3.5239584247522537,516149.5,729000.0,0.7080240054869684,146
597,"Otter, Fish, Fish",3.5011513408664405,515429.0,729000.0,0.7070356652949246,147
282,"Fish, Horse, Fish",3.4896050072377616,515062.0,729000.0,0.7065322359396433,148
59,"Ant, Mouse, Mosquito",3.484554724025326,514901.0,729000.0,0.7063113854595336,149
268,"Fish, Cricket, Otter",3.454242219314647,513928.5,729000.0,0.7049773662551441,150
480,"Mosquito, Pig, Fish",3.4363201976512268,513348.5,729000.0,0.7041817558299039,151
77,"Ant, Pig, Mosquito",3.4250856838499453,512983.0,729000.0,0.7036803840877915,152
615,"Otter, Mosquito, Fish",3.4219279916135124,512880.0,729000.0,0.7035390946502058,153
108,"Beaver, Fish, Ant",3.407244961295145,512399.5,729000.0,0.7028799725651578,154
102,"Beaver, Cricket, Fish",3.381296057527487,511544.0,729000.0,0.7017064471879286,155
162,"Cricket, Ant, Ant",3.365058137750089,511004.5,729000.0,0.7009663923182442,156
74,"Ant, Pig, Cricket",3.360800303413213,510862.5,729000.0,0.7007716049382716,157
680,"Pig, Fish, Mosquito",3.350528138699509,510519.0,729000.0,0.7003004115226338,158
473,"Mosquito, Otter, Mosquito",3.321228231996217,509532.0,729000.0,0.6989465020576132,159
471,"Mosquito, Otter, Fish",3.3154181600765686,509335.0,729000.0,0.6986762688614541,160
308,"Fish, Otter, Cricket",3.3083715754724814,509095.5,729000.0,0.6983477366255144,161
415,"Mosquito, Beaver, Beaver",3.288611104323083,508420.5,729000.0,0.6974218106995885,162
296,"Fish, Mosquito, Pig",3.1925556279555543,505066.5,729000.0,0.692820987654321,163
64,"Ant, Otter, Beaver",3.1866711459983836,504857.0,729000.0,0.6925336076817559,164
53,"Ant, Mosquito, Pig",3.171648528777649,504320.0,729000.0,0.6917969821673525,165
262,"Fish, Cricket, Beaver",3.154633668006758,503708.0,729000.0,0.6909574759945131,166
696,"Pig, Mosquito, Fish",3.1118887683268217,502152.5,729000.0,0.688823731138546,167
190,"Cricket, Fish, Beaver",3.1113982980241,502134.5,729000.0,0.6887990397805213,168
655,"Pig, Ant, Otter",3.0931278514213076,501461.5,729000.0,0.6878758573388203,169
438,"Mosquito, Fish, Mouse",3.086387838643746,501212.0,729000.0,0.6875336076817559,170
482,"Mosquito, Pig, Mosquito",3.082371302140991,501063.0,729000.0,0.6873292181069959,171
294,"Fish, Mosquito, Mouse",3.079531240838874,500957.5,729000.0,0.687184499314129,172
87,"Beaver, Ant, Mouse",3.043456485887092,499607.0,729000.0,0.6853319615912209,173
24,"Ant, Cricket, Mouse",3.005073788030722,498148.5,729000.0,0.6833312757201646,174
440,"Mosquito, Fish, Pig",2.9746827483715697,496977.5,729000.0,0.6817249657064471,175
91,"Beaver, Beaver, Beaver",2.9445495338405,495802.0,729000.0,0.6801124828532236,176
185,"Cricket, Cricket, Mosquito",2.9061820204509927,494284.0,729000.0,0.6780301783264746,177
49,"Ant, Mosquito, Horse",2.8957109953136184,493865.5,729000.0,0.6774561042524005,178
677,"Pig, Fish, Cricket",2.8816343195552103,493300.0,729000.0,0.6766803840877915,179
127,"Beaver, Mosquito, Beaver",2.8733961684841014,492967.5,729000.0,0.6762242798353909,180
488,"Mouse, Ant, Cricket",2.866271206075494,492679.0,729000.0,0.6758285322359396,181
489,"Mouse, Ant, Fish",2.8429718149980974,491729.5,729000.0,0.6745260631001372,182
38,"Ant, Horse, Cricket",2.8271896579768026,491081.0,729000.0,0.6736364883401921,183
41,"Ant, Horse, Mosquito",2.820081606042989,490787.5,729000.0,0.6732338820301783,184
470,"Mosquito, Otter, Cricket",2.815141686111559,490583.0,729000.0,0.6729533607681756,185
174,"Cricket, Beaver, Fish",2.8131758661631485,490501.5,729000.0,0.6728415637860082,186
176,"Cricket, Beaver, Mosquito",2.8111514724361197,490417.5,729000.0,0.6727263374485597,187
430,"Mosquito, Cricket, Otter",2.7652705930527315,488494.0,729000.0,0.6700877914951989,188
649,"Pig, Ant, Beaver",2.759244037978897,488238.5,729000.0,0.6697373113854596,189
63,"Ant, Otter, Ant",2.7408612697311696,487455.0,729000.0,0.6686625514403293,190
284,"Fish, Horse, Mosquito",2.7353412589904633,487218.5,729000.0,0.668338134430727,191
104,"Beaver, Cricket, Mosquito",2.7248051432558325,486765.5,729000.0,0.6677167352537723,192
183,"Cricket, Cricket, Fish",2.721257558493538,486612.5,729000.0,0.6675068587105624,193
292,"Fish, Mosquito, Horse",2.7186294210743513,486499.0,729000.0,0.6673511659807956,194
15,"Ant, Beaver, Mouse",2.695409911426337,485490.5,729000.0,0.6659677640603566,195
156,"Beaver, Pig, Fish",2.682812436131056,484939.0,729000.0,0.6652112482853224,196
356,"Horse, Fish, Mosquito",2.6387510805329644,482985.5,729000.0,0.6625315500685871,197
265,"Fish, Cricket, Horse",2.6316714643124377,482668.0,729000.0,0.6620960219478738,198
316,"Fish, Pig, Beaver",2.6175245286003235,482030.5,729000.0,0.661221536351166,199
698,"Pig, Mosquito, Mosquito",2.609101751898296,481649.0,729000.0,0.6606982167352538,200
133,"Beaver, Mosquito, Otter",2.6060739087747096,481511.5,729000.0,0.6605096021947874,201
92,"Beaver, Beaver, Cricket",2.6045560531423773,481442.5,729000.0,0.6604149519890261,202
436,"Mosquito, Fish, Horse",2.5791621389628494,480281.0,729000.0,0.6588216735253772,203
208,"Cricket, Mosquito, Beaver",2.5729110403413737,479993.0,729000.0,0.6584266117969821,204
261,"Fish, Cricket, Ant",2.565662346425226,479658.0,729000.0,0.6579670781893004,205
260,"Fish, Beaver, Pig",2.5528687458364603,479064.0,729000.0,0.6571522633744856,206
196,"Cricket, Fish, Otter",2.5391366923109713,478422.5,729000.0,0.6562722908093278,207
491,"Mouse, Ant, Mosquito",2.5018757780191243,476661.0,729000.0,0.6538559670781893,208
648,"Pig, Ant, Ant",2.500764698980918,476608.0,729000.0,0.6537832647462277,209
424,"Mosquito, Cricket, Beaver",2.48729993719102,475963.5,729000.0,0.6528991769547325,210
660,"Pig, Beaver, Fish",2.469176514117172,475089.5,729000.0,0.6517002743484225,211
372,"Horse, Mosquito, Fish",2.4499290222691394,474153.0,729000.0,0.6504156378600823,212
444,"Mosquito, Horse, Fish",2.4464539986569216,473983.0,729000.0,0.6501824417009602,213
421,"Mosquito, Beaver, Otter",2.445994502505956,473960.5,729000.0,0.6501515775034293,214
317,"Fish, Pig, Cricket",2.4130343343628153,472333.5,729000.0,0.6479197530864198,215
414,"Mosquito, Beaver, Ant",2.408978570958251,472131.5,729000.0,0.6476426611796983,216
458,"Mosquito, Mosquito, Pig",2.406552947677915,472010.5,729000.0,0.6474766803840878,217
456,"Mosquito, Mosquito, Mouse",2.4049407889489602,471930.0,729000.0,0.6473662551440329,218
574,"Otter, Ant, Otter",2.3857128503066525,470965.0,729000.0,0.646042524005487,219
189,"Cricket, Fish, Ant",2.306249395417132,466878.5,729000.0,0.6404368998628258,220
17,"Ant, Beaver, Pig",2.277743343851437,465372.5,729000.0,0.6383710562414266,221
568,"Otter, Ant, Beaver",2.2747576367022715,465213.5,729000.0,0.6381529492455419,222
214,"Cricket, Mosquito, Otter",2.2377695983303885,463223.5,729000.0,0.6354231824417009,223
300,"Fish, Mouse, Fish",2.2347156852201957,463057.5,729000.0,0.6351954732510288,224
126,"Beaver, Mosquito, Ant",2.2271385365306102,462644.5,729000.0,0.6346289437585734,225
251,"Fish, Ant, Pig",2.222529746673824,462392.5,729000.0,0.6342832647462278,226
331,"Horse, Ant, Otter",2.2209137928255442,462304.0,729000.0,0.634161865569273,227
676,"Pig, Fish, Beaver",2.189397707112667,460563.0,729000.0,0.6317736625514403,228
73,"Ant, Pig, Beaver",2.1781559330367246,459935.0,729000.0,0.6309122085048011,229
247,"Fish, Ant, Horse",2.146124086997624,458125.0,729000.0,0.6284293552812071,230
446,"Mosquito, Horse, Mosquito",2.1434325018265405,457971.5,729000.0,0.628218792866941,231
116,"Beaver, Fish, Pig",2.1320515294617386,457320.0,729000.0,0.6273251028806585,232
423,"Mosquito, Cricket, Ant",2.091331168830204,454956.0,729000.0,0.624082304526749,233
454,"Mosquito, Mosquito, Horse",2.082196876291224,454418.5,729000.0,0.6233449931412894,234
596,"Otter, Fish, Cricket",2.0801638029443366,454298.5,729000.0,0.6231803840877915,235
567,"Otter, Ant, Ant",2.0732429356106565,453889.0,729000.0,0.6226186556927298,236
374,"Horse, Mosquito, Mosquito",2.0717253808498723,453799.0,729000.0,0.6224951989026063,237
614,"Otter, Mosquito, Cricket",2.064030654825596,453341.5,729000.0,0.6218676268861454,238
101,"Beaver, Cricket, Cricket",2.0522283932122485,452636.0,729000.0,0.6208998628257888,239
26,"Ant, Cricket, Pig",2.0149253362667796,450375.5,729000.0,0.6177990397805213,240
427,"Mosquito, Cricket, Horse",1.9837952282173996,448452.5,729000.0,0.6151611796982167,241
207,"Cricket, Mosquito, Ant",1.9795800857251484,448189.5,729000.0,0.6148004115226338,242
325,"Horse, Ant, Beaver",1.9776921655858142,448071.5,729000.0,0.6146385459533608,243
302,"Fish, Mouse, Mosquito",1.9581966244406335,446845.5,729000.0,0.6129567901234568,244
168,"Cricket, Ant, Mouse",1.9419144872457417,445811.0,729000.0,0.6115377229080933,245
193,"Cricket, Fish, Horse",1.93056319569223,445084.0,729000.0,0.6105404663923183,246
479,"Mosquito, Pig, Cricket",1.9096199651676518,443730.0,729000.0,0.6086831275720165,247
13,"Ant, Beaver, Horse",1.8931125600728833,442651.0,729000.0,0.6072030178326474,248
695,"Pig, Mosquito, Cricket",1.8779410878022824,441650.0,729000.0,0.6058299039780521,249
353,"Horse, Fish, Cricket",1.8742184067763747,441403.0,729000.0,0.6054910836762689,250
590,"Otter, Cricket, Mosquito",1.8634212637027643,440683.5,729000.0,0.6045041152263374,251
61,"Ant, Mouse, Otter",1.8555717670741525,440157.5,729000.0,0.6037825788751715,252
281,"Fish, Horse, Cricket",1.8308347215372787,438483.5,729000.0,0.6014862825788752,253
256,"Fish, Beaver, Horse",1.8106452689920807,437098.5,729000.0,0.5995864197530865,254
211,"Cricket, Mosquito, Horse",1.8085314319773151,436952.5,729000.0,0.599386145404664,255
90,"Beaver, Beaver, Ant",1.8084229183881817,436945.0,729000.0,0.5993758573388203,256
201,"Cricket, Horse, Fish",1.7934453451045336,435905.0,729000.0,0.5979492455418381,257
324,"Horse, Ant, Ant",1.7930583385849992,435878.0,729000.0,0.5979122085048011,258
588,"Otter, Cricket, Fish",1.790323264490548,435687.0,729000.0,0.5976502057613169,259
55,"Ant, Mouse, Beaver",1.785744149574264,435366.5,729000.0,0.5972105624142661,260
307,"Fish, Otter, Beaver",1.7790453743380832,434896.0,729000.0,0.5965651577503429,261
516,"Mouse, Fish, Fish",1.7630208380881716,433762.5,729000.0,0.5950102880658437,262
230,"Cricket, Otter, Mosquito",1.7475384781139185,432656.5,729000.0,0.5934931412894375,263
462,"Mosquito, Mouse, Fish",1.7466610938446154,432593.5,729000.0,0.5934067215363512,264
158,"Beaver, Pig, Mosquito",1.7446366077464237,432448.0,729000.0,0.5932071330589849,265
203,"Cricket, Horse, Mosquito",1.7154230865772524,430327.5,729000.0,0.5902983539094651,266
313,"Fish, Otter, Otter",1.7141337580242524,430233.0,729000.0,0.5901687242798354,267
595,"Otter, Fish, Beaver",1.7114357550295698,430035.0,729000.0,0.5898971193415637,268
518,"Mouse, Fish, Mosquito",1.7000481234700335,429195.5,729000.0,0.5887455418381344,269
147,"Beaver, Otter, Fish",1.6893607666013852,428402.0,729000.0,0.5876570644718793,270
37,"Ant, Horse, Beaver",1.6818158562521885,427838.5,729000.0,0.5868840877914951,271
112,"Beaver, Fish, Horse",1.679480222512369,427663.5,729000.0,0.5866440329218107,272
182,"Cricket, Cricket, Cricket",1.672693716361243,427153.5,729000.0,0.5859444444444445,273
478,"Mosquito, Pig, Beaver",1.6570272661126277,425967.5,729000.0,0.5843175582990398,274
413,"Mosquito, Ant, Pig",1.6560879176724965,425896.0,729000.0,0.5842194787379973,275
114,"Beaver, Fish, Mouse",1.6525000992237564,425622.5,729000.0,0.5838443072702332,276
258,"Fish, Beaver, Mouse",1.6482673034762132,425299.0,729000.0,0.583400548696845,277
72,"Ant, Pig, Ant",1.643212645865119,424911.5,729000.0,0.5828689986282579,278
669,"Pig, Cricket, Fish",1.6427374001733734,424875.0,729000.0,0.5828189300411523,279
682,"Pig, Fish, Otter",1.640662396212255,424715.5,729000.0,0.5826001371742112,280
79,"Ant, Pig, Otter",1.6395057970403035,424626.5,729000.0,0.5824780521262003,281
534,"Mouse, Mosquito, Fish",1.632216317334502,424064.0,729000.0,0.5817064471879286,282
581,"Otter, Beaver, Mosquito",1.6299685810373286,423890.0,729000.0,0.5814677640603566,283
315,"Fish, Pig, Ant",1.6271507562419887,423671.5,729000.0,0.5811680384087792,284
228,"Cricket, Otter, Fish",1.6232455301891753,423368.0,729000.0,0.5807517146776406,285
120,"Beaver, Horse, Fish",1.6225646078895324,423315.0,729000.0,0.580679012345679,286
662,"Pig, Beaver, Mosquito",1.6205814244304617,423160.5,729000.0,0.5804670781893004,287
172,"Cricket, Beaver, Beaver",1.6177300057262285,422938.0,729000.0,0.580161865569273,288
336,"Horse, Beaver, Fish",1.6056291939337302,421989.0,729000.0,0.5788600823045268,289
464,"Mosquito, Mouse, Mosquito",1.60409337585627,421868.0,729000.0,0.5786941015089163,290
69,"Ant, Otter, Mouse",1.600494893856208,421584.0,729000.0,0.5783045267489711,291
613,"Otter, Mosquito, Beaver",1.5862946438139633,420456.5,729000.0,0.5767578875171467,292
579,"Otter, Beaver, Fish",1.5840152547828543,420274.5,729000.0,0.5765082304526749,293
409,"Mosquito, Ant, Horse",1.5824267892704,420147.5,729000.0,0.5763340192043895,294
422,"Mosquito, Beaver, Pig",1.5803281560532931,419979.5,729000.0,0.5761035665294925,295
352,"Horse, Fish, Beaver",1.5775533429950854,419757.0,729000.0,0.575798353909465,296
280,"Fish, Horse, Beaver",1.5729320595200271,419385.5,729000.0,0.5752887517146776,297
149,"Beaver, Otter, Mosquito",1.5642146578834086,418681.5,729000.0,0.5743230452674897,298
269,"Fish, Cricket, Pig",1.5597216560165608,418317.0,729000.0,0.5738230452674897,299
536,"Mouse, Mosquito, Mosquito",1.5506733452299013,417579.5,729000.0,0.5728113854595336,300
97,"Beaver, Beaver, Otter",1.5436518458312583,417004.0,729000.0,0.5720219478737997,301
475,"Mosquito, Otter, Otter",1.5321660471578618,416056.5,729000.0,0.5707222222222222,302
675,"Pig, Fish, Ant",1.5305008552799482,415918.5,729000.0,0.5705329218106996,303
134,"Beaver, Mosquito, Pig",1.5217304763976058,415189.0,729000.0,0.5695322359396433,304
100,"Beaver, Cricket, Beaver",1.50121711276478,413465.0,729000.0,0.5671673525377229,305
54,"Ant, Mouse, Ant",1.4768141657504736,411381.0,729000.0,0.5643086419753086,306
469,"Mosquito, Otter, Beaver",1.4714560422552743,410918.5,729000.0,0.5636742112482853,307
443,"Mosquito, Horse, Cricket",1.4641561923957243,410285.5,729000.0,0.5628058984910836,308
299,"Fish, Mouse, Cricket",1.447045400844843,408788.5,729000.0,0.5607524005486968,309
197,"Cricket, Fish, Pig",1.4467898511355295,408766.0,729000.0,0.560721536351166,310
237,"Cricket, Pig, Fish",1.4359815848666495,407810.5,729000.0,0.5594108367626887,311
98,"Beaver, Beaver, Pig",1.4289861713520666,407188.0,729000.0,0.558556927297668,312
371,"Horse, Mosquito, Cricket",1.4192197718548882,406313.5,729000.0,0.5573573388203018,313
306,"Fish, Otter, Ant",1.4190695588221531,406300.0,729000.0,0.5573388203017833,314
322,"Fish, Pig, Otter",1.4110106110719591,405573.5,729000.0,0.5563422496570645,315
654,"Pig, Ant, Mouse",1.4106954526975652,405545.0,729000.0,0.5563031550068587,316
154,"Beaver, Pig, Beaver",1.3915996803423656,403805.5,729000.0,0.5539170096021948,317
694,"Pig, Mosquito, Beaver",1.3857381262635928,403266.5,729000.0,0.5531776406035666,318
43,"Ant, Horse, Otter",1.3649883992583436,401339.0,729000.0,0.5505336076817559,319
173,"Cricket, Beaver, Cricket",1.3407435536336831,399047.5,729000.0,0.5473902606310014,320
671,"Pig, Cricket, Mosquito",1.3320317672992084,398213.5,729000.0,0.5462462277091906,321
239,"Cricket, Pig, Mosquito",1.3287515538930355,397898.0,729000.0,0.5458134430727023,322
166,"Cricket, Ant, Horse",1.3254331653698048,397578.0,729000.0,0.5453744855967079,323
267,"Fish, Cricket, Mouse",1.3196209953836986,397015.5,729000.0,0.5446028806584362,324
71,"Ant, Otter, Pig",1.2999254376297418,395090.0,729000.0,0.5419615912208505,325
215,"Cricket, Mosquito, Pig",1.2991340641507125,395012.0,729000.0,0.5418545953360768,326
658,"Pig, Beaver, Beaver",1.296651593111459,394767.0,729000.0,0.5415185185185185,327
601,"Otter, Fish, Otter",1.2937144740819018,394476.5,729000.0,0.5411200274348422,328
345,"Horse, Cricket, Fish",1.2888061110632107,393989.5,729000.0,0.5404519890260631,329
36,"Ant, Horse, Ant",1.2856817231472373,393678.5,729000.0,0.540025377229081,330
619,"Otter, Mosquito, Otter",1.280565120930721,393167.5,729000.0,0.5393244170096022,331
184,"Cricket, Cricket, Horse",1.268043680461294,391908.0,729000.0,0.53759670781893,332
493,"Mouse, Ant, Otter",1.258187370842106,390907.5,729000.0,0.5362242798353909,333
89,"Beaver, Ant, Pig",1.253633435114204,390442.5,729000.0,0.5355864197530864,334
594,"Otter, Fish, Ant",1.2411902712763567,389163.0,729000.0,0.5338312757201646,335
487,"Mouse, Ant, Beaver",1.2366611517825221,388694.0,729000.0,0.5331879286694101,336
431,"Mosquito, Cricket, Pig",1.226754896303187,387662.0,729000.0,0.5317722908093279,337
468,"Mosquito, Otter, Ant",1.2221322917447952,387177.5,729000.0,0.5311076817558299,338
106,"Beaver, Cricket, Otter",1.2142027363161072,386342.0,729000.0,0.5299615912208505,339
338,"Horse, Beaver, Mosquito",1.2077832232902095,385661.5,729000.0,0.5290281207133058,340
461,"Mosquito, Mouse, Cricket",1.2011084130901661,384950.0,729000.0,0.5280521262002743,341
181,"Cricket, Cricket, Beaver",1.1920877971051587,383982.0,729000.0,0.5267242798353909,342
418,"Mosquito, Beaver, Horse",1.1817645679084592,382865.0,729000.0,0.5251920438957476,343
612,"Otter, Mosquito, Ant",1.1795492435599695,382624.0,729000.0,0.5248614540466392,344
130,"Beaver, Mosquito, Horse",1.1769990604748184,382346.0,729000.0,0.524480109739369,345
132,"Beaver, Mosquito, Mouse",1.176032745320966,382240.5,729000.0,0.5243353909465021,346
155,"Beaver, Pig, Cricket",1.1718835894694013,381786.5,729000.0,0.5237126200274348,347
146,"Beaver, Otter, Cricket",1.1690590241911978,381476.5,729000.0,0.5232873799725651,348
122,"Beaver, Horse, Mosquito",1.1656106307314436,381097.0,729000.0,0.5227668038408779,349
477,"Mosquito, Pig, Ant",1.1642867310265,380951.0,729000.0,0.5225665294924554,350
420,"Mosquito, Beaver, Mouse",1.162294698042977,380731.0,729000.0,0.5222647462277092,351
85,"Beaver, Ant, Horse",1.158339038862051,380293.0,729000.0,0.5216639231824417,352
429,"Mosquito, Cricket, Mouse",1.1517810845491718,379563.5,729000.0,0.5206632373113854,353
484,"Mosquito, Pig, Otter",1.1517676389221254,379562.0,729000.0,0.5206611796982167,354
573,"Otter, Ant, Mouse",1.1502537831212973,379393.0,729000.0,0.5204293552812072,355
700,"Pig, Mosquito, Otter",1.1425901966266732,378534.0,729000.0,0.5192510288065844,356
67,"Ant, Otter, Horse",1.1334382385425654,377500.5,729000.0,0.5178333333333334,357
347,"Horse, Cricket, Mosquito",1.1210322930214836,376086.0,729000.0,0.5158930041152263,358
486,"Mouse, Ant, Ant",1.1200732910837814,375976.0,729000.0,0.5157421124828532,359
442,"Mosquito, Horse, Beaver",1.0995463672526997,373598.5,729000.0,0.5124807956104253,360
370,"Horse, Mosquito, Beaver",1.0887324397523241,372328.0,729000.0,0.5107379972565158,361
635,"Otter, Otter, Mosquito",1.08250833481386,371591.0,729000.0,0.509727023319616,362
99,"Beaver, Cricket, Ant",1.0795020183519257,371233.5,729000.0,0.5092366255144033,363
659,"Pig, Beaver, Cricket",1.072350066328457,370379.0,729000.0,0.5080644718792867,364
195,"Cricket, Fish, Mouse",1.066675868348114,369697.0,729000.0,0.5071289437585734,365
323,"Fish, Pig, Pig",1.0495953806211336,367622.0,729000.0,0.5042825788751715,366
351,"Horse, Fish, Ant",1.042129935218109,366704.5,729000.0,0.5030240054869685,367
723,"Pig, Pig, Fish",1.0380030269921978,366194.5,729000.0,0.5023244170096022,368
358,"Horse, Fish, Otter",1.0331685872908507,365594.5,729000.0,0.5015013717421125,369
279,"Fish, Horse, Ant",1.0238134534155576,364425.5,729000.0,0.49989780521262,370
175,"Cricket, Beaver, Horse",1.019849649678916,363927.0,729000.0,0.49921399176954734,371
693,"Pig, Mosquito, Ant",1.0151146758844904,363329.0,729000.0,0.4983936899862826,372
227,"Cricket, Otter, Cricket",1.013693687676601,363149.0,729000.0,0.49814677640603566,373
213,"Cricket, Mosquito, Mouse",1.009458200592256,362611.0,729000.0,0.49740877914951986,374
633,"Otter, Otter, Fish",1.0080254093661247,362428.5,729000.0,0.49715843621399175,375
587,"Otter, Cricket, Cricket",1.0071823747955981,362321.0,729000.0,0.49701097393689986,376
103,"Beaver, Cricket, Horse",0.985965849821091,359586.0,729000.0,0.4932592592592593,377
171,"Cricket, Beaver, Ant",0.9783832780483928,358594.5,729000.0,0.4918991769547325,378
330,"Horse, Ant, Mouse",0.9768112580595958,358388.0,729000.0,0.4916159122085048,379
286,"Fish, Horse, Otter",0.969414664106661,357412.0,729000.0,0.49027709190672153,380
314,"Fish, Otter, Pig",0.9671333130583725,357109.5,729000.0,0.48986213991769545,381
683,"Pig, Fish, Pig",0.9582169770199555,355920.5,729000.0,0.48823113854595335,382
187,"Cricket, Cricket, Otter",0.955819847621035,355599.0,729000.0,0.4877901234567901,383
298,"Fish, Mouse, Beaver",0.9497063839879699,354775.5,729000.0,0.4866604938271605,384
577,"Otter, Beaver, Beaver",0.9289529587556786,351941.0,729000.0,0.4827722908093278,385
138,"Beaver, Mouse, Fish",0.9280841294183875,351821.0,729000.0,0.4826076817558299,386
200,"Cricket, Horse, Cricket",0.9133660445264056,349771.5,729000.0,0.4797962962962963,387
170,"Cricket, Ant, Pig",0.8991610795051398,347763.0,729000.0,0.4770411522633745,388
642,"Otter, Pig, Fish",0.8983752614730852,347651.0,729000.0,0.4768875171467764,389
533,"Mouse, Mosquito, Cricket",0.895325962873128,347215.5,729000.0,0.4762901234567901,390
515,"Mouse, Fish, Cricket",0.8916284056517515,346685.5,729000.0,0.47556310013717423,391
199,"Cricket, Horse, Beaver",0.8811189465025226,345167.5,729000.0,0.4734807956104252,392
668,"Pig, Cricket, Cricket",0.8799116037917473,344992.0,729000.0,0.4732400548696845,393
94,"Beaver, Beaver, Horse",0.8788328730488627,344835.0,729000.0,0.4730246913580247,394
180,"Cricket, Cricket, Ant",0.8781292891894712,344732.5,729000.0,0.4728840877914952,395
514,"Mouse, Fish, Beaver",0.8767545684372254,344532.0,729000.0,0.4726090534979424,396
509,"Mouse, Cricket, Mosquito",0.8700749928117141,343553.5,729000.0,0.47126680384087793,397
507,"Mouse, Cricket, Fish",0.8649442067807621,342797.0,729000.0,0.47022908093278465,398
448,"Mosquito, Horse, Otter",0.8598725477933187,342045.0,729000.0,0.4691975308641975,399
334,"Horse, Beaver, Beaver",0.8555953008010014,341407.5,729000.0,0.4683230452674897,400
376,"Horse, Mosquito, Otter",0.8551737093798597,341344.5,729000.0,0.4682366255144033,401
644,"Otter, Pig, Mosquito",0.8533056975948903,341065.0,729000.0,0.46785322359396436,402
714,"Pig, Otter, Fish",0.8427856192508888,339480.0,729000.0,0.465679012345679,403
145,"Beaver, Otter, Beaver",0.8310430251147216,337688.5,729000.0,0.463221536351166,404
602,"Otter, Fish, Pig",0.8180780584849371,335682.5,729000.0,0.4604698216735254,405
221,"Cricket, Mouse, Mosquito",0.8152055671454096,335234.0,729000.0,0.4598545953360768,406
178,"Cricket, Beaver, Otter",0.8077123488463018,334057.0,729000.0,0.4582400548696845,407
118,"Beaver, Horse, Beaver",0.8029997525316742,333311.5,729000.0,0.45721742112482855,408
153,"Beaver, Pig, Ant",0.800701866458677,332946.5,729000.0,0.45671673525377227,409
476,"Mosquito, Otter, Pig",0.7994987310129967,332755.0,729000.0,0.45645404663923184,410
441,"Mosquito, Horse, Ant",0.7989526968797519,332668.0,729000.0,0.4563347050754458,411
179,"Cricket, Beaver, Pig",0.7968878376010636,332338.5,729000.0,0.45588271604938274,412
140,"Beaver, Mouse, Mosquito",0.7966875715577346,332306.5,729000.0,0.45583882030178324,413
119,"Beaver, Horse, Cricket",0.795087139191403,332050.5,729000.0,0.45548765432098764,414
620,"Otter, Mosquito, Pig",0.7949029079305107,332021.0,729000.0,0.4554471879286694,415
586,"Otter, Cricket, Beaver",0.7890967705184863,331088.0,729000.0,0.4541673525377229,416
219,"Cricket, Mouse, Fish",0.7841745576109171,330292.0,729000.0,0.4530754458161866,417
369,"Horse, Mosquito, Ant",0.7840851606568008,330277.5,729000.0,0.45305555555555554,418
532,"Mouse, Mosquito, Beaver",0.7800721247788074,329625.0,729000.0,0.4521604938271605,419
498,"Mouse, Beaver, Fish",0.7638553983725538,326956.0,729000.0,0.4484993141289438,420
107,"Beaver, Cricket, Pig",0.7631487254255978,326838.5,729000.0,0.448338134430727,421
60,"Ant, Mouse, Mouse",0.7614161895714728,326550.0,729000.0,0.44794238683127574,422
716,"Pig, Otter, Mosquito",0.7613921939362098,326546.0,729000.0,0.4479368998628258,423
235,"Cricket, Pig, Beaver",0.7580785490607604,325992.5,729000.0,0.4471776406035665,424
78,"Ant, Pig, Mouse",0.7576574466586946,325922.0,729000.0,0.4470809327846365,425
310,"Fish, Otter, Horse",0.7551740741176981,325505.5,729000.0,0.44650960219478736,426
578,"Otter, Beaver, Cricket",0.752793208506397,325105.0,729000.0,0.445960219478738,427
304,"Fish, Mouse, Otter",0.7404370081104693,323007.5,729000.0,0.4430829903978052,428
657,"Pig, Beaver, Ant",0.740375626954084,322997.0,729000.0,0.44306858710562413,429
226,"Cricket, Otter, Beaver",0.7401301492123292,322955.0,729000.0,0.44301097393689987,430
460,"Mosquito, Mouse, Beaver",0.7379679305632952,322584.5,729000.0,0.44250274348422497,431
297,"Fish, Mouse, Ant",0.71997453714227,319462.0,729000.0,0.43821947873799727,432
312,"Fish, Otter, Mouse",0.7188899171273317,319271.5,729000.0,0.4379581618655693,433
500,"Mouse, Beaver, Mosquito",0.7173183129849589,318995.0,729000.0,0.43757887517146776,434
667,"Pig, Cricket, Beaver",0.7170429671357386,318946.5,729000.0,0.43751234567901237,435
80,"Ant, Pig, Pig",0.7000782957534224,315925.0,729000.0,0.4333676268861454,436
335,"Horse, Beaver, Cricket",0.6960983739013303,315206.5,729000.0,0.4323820301783265,437
485,"Mosquito, Pig, Pig",0.6946329255491801,314941.0,729000.0,0.4320178326474623,438
390,"Horse, Otter, Fish",0.6941726202921809,314857.5,729000.0,0.43190329218107,439
319,"Fish, Pig, Horse",0.6780381685759193,311898.5,729000.0,0.4278443072702332,440
359,"Horse, Fish, Pig",0.6777010670937634,311836.0,729000.0,0.427758573388203,441
679,"Pig, Fish, Horse",0.677299439891209,311761.5,729000.0,0.42765637860082306,442
701,"Pig, Mosquito, Pig",0.6765075978350288,311614.5,729000.0,0.4274547325102881,443
151,"Beaver, Otter, Otter",0.6717499903564182,310728.0,729000.0,0.426238683127572,444
466,"Mosquito, Mouse, Otter",0.6715868433362165,310697.5,729000.0,0.4261968449931413,445
725,"Pig, Pig, Mosquito",0.6708865195290452,310566.5,729000.0,0.426017146776406,446
344,"Horse, Cricket, Cricket",0.6687815015960068,310172.0,729000.0,0.42547599451303153,447
474,"Mosquito, Otter, Mouse",0.6681716542995424,310057.5,729000.0,0.4253189300411523,448
96,"Beaver, Beaver, Mouse",0.662993581814895,309081.5,729000.0,0.423980109739369,449
606,"Otter, Horse, Fish",0.6625469770690172,308997.0,729000.0,0.4238641975308642,450
472,"Mosquito, Otter, Horse",0.6525212773482173,307086.5,729000.0,0.4212434842249657,451
160,"Beaver, Pig, Otter",0.6468649800864782,305997.0,729000.0,0.41974897119341564,452
392,"Horse, Otter, Mosquito",0.6453074630555798,305695.5,729000.0,0.4193353909465021,453
687,"Pig, Horse, Fish",0.6451371921182882,305662.5,729000.0,0.4192901234567901,454
608,"Otter, Horse, Mosquito",0.6428450286902423,305217.5,729000.0,0.41867969821673523,455
62,"Ant, Mouse, Pig",0.6396814880843635,304601.0,729000.0,0.41783401920438956,456
598,"Otter, Fish, Horse",0.621608067520815,301026.0,729000.0,0.4129300411522634,457
681,"Pig, Fish, Mouse",0.6165029899527942,299999.5,729000.0,0.4115219478737997,458
144,"Beaver, Otter, Ant",0.6147980204637461,299655.0,729000.0,0.4110493827160494,459
236,"Cricket, Pig, Cricket",0.610545199180838,298792.0,729000.0,0.4098655692729767,460
287,"Fish, Horse, Pig",0.6073616271119664,298142.5,729000.0,0.40897462277091906,461
616,"Otter, Mosquito, Horse",0.59599104968916,295798.0,729000.0,0.40575857338820304,462
664,"Pig, Beaver, Otter",0.5953036036400772,295655.0,729000.0,0.40556241426611794,463
656,"Pig, Ant, Pig",0.5934322818201749,295265.0,729000.0,0.4050274348422497,464
42,"Ant, Horse, Mouse",0.591640184756894,294890.5,729000.0,0.40451371742112485,465
492,"Mouse, Ant, Mouse",0.5904226446096384,294635.5,729000.0,0.4041639231824417,466
600,"Otter, Fish, Mouse",0.5858799154994903,293680.0,729000.0,0.40285322359396436,467
459,"Mosquito, Mouse, Ant",0.5849755167910656,293489.0,729000.0,0.4025912208504801,468
665,"Pig, Beaver, Pig",0.5823096873197299,292924.5,729000.0,0.40181687242798353,469
592,"Otter, Cricket, Otter",0.5820222526695773,292863.5,729000.0,0.40173319615912206,470
399,"Horse, Pig, Fish",0.5803589794615602,292510.0,729000.0,0.4012482853223594,471
161,"Beaver, Pig, Pig",0.5802884938189478,292495.0,729000.0,0.40122770919067213,472
321,"Fish, Pig, Mouse",0.5756505591731363,291504.5,729000.0,0.39986899862825787,473
513,"Mouse, Fish, Ant",0.572478248362957,290823.0,729000.0,0.3989341563786008,474
632,"Otter, Otter, Cricket",0.5720465233097812,290730.0,729000.0,0.3988065843621399,475
576,"Otter, Beaver, Ant",0.5712372214691429,290555.5,729000.0,0.39856721536351164,476
538,"Mouse, Mosquito, Otter",0.5697811327086664,290241.0,729000.0,0.3981358024691358,477
343,"Horse, Cricket, Beaver",0.568464407148827,289956.0,729000.0,0.3977448559670782,478
232,"Cricket, Otter, Otter",0.5683213436396622,289925.0,729000.0,0.3977023319615912,479
585,"Otter, Cricket, Ant",0.5674451845772492,289735.0,729000.0,0.39744170096021947,480
198,"Cricket, Horse, Ant",0.5612374860579848,288381.5,729000.0,0.39558504801097394,481
618,"Otter, Mosquito, Mouse",0.560628397035074,288248.0,729000.0,0.3954019204389575,482
188,"Cricket, Cricket, Pig",0.5508614565341747,286090.0,729000.0,0.39244170096021946,483
575,"Otter, Ant, Pig",0.5488053152431152,285631.5,729000.0,0.3918127572016461,484
520,"Mouse, Fish, Otter",0.5486799635546467,285603.5,729000.0,0.3917743484224966,485
531,"Mouse, Mosquito, Ant",0.5475171587159011,285343.5,729000.0,0.391417695473251,486
58,"Ant, Mouse, Horse",0.5450688065313022,284794.5,729000.0,0.3906646090534979,487
44,"Ant, Horse, Pig",0.5429092631395208,284308.5,729000.0,0.3899979423868313,488
652,"Pig, Ant, Horse",0.541836675376845,284066.5,729000.0,0.38966598079561043,489
225,"Cricket, Otter, Ant",0.5399066214109178,283630.0,729000.0,0.3890672153635117,490
137,"Beaver, Mouse, Cricket",0.5366085185809548,282881.0,729000.0,0.388039780521262,491
76,"Ant, Pig, Horse",0.5329389592080781,282043.0,729000.0,0.38689026063100135,492
721,"Pig, Pig, Beaver",0.5235790030982479,279883.0,729000.0,0.3839272976680384,493
626,"Otter, Mouse, Mosquito",0.5213231347902161,279357.5,729000.0,0.3832064471879287,494
589,"Otter, Cricket, Horse",0.514954711190601,277863.5,729000.0,0.3811570644718793,495
205,"Cricket, Horse, Otter",0.511329344620426,277006.0,729000.0,0.37998079561042525,496
624,"Otter, Mouse, Fish",0.5094964055180771,276570.5,729000.0,0.37938340192043896,497
571,"Otter, Ant, Horse",0.5081321607443773,276245.5,729000.0,0.37893758573388203,498
377,"Horse, Mosquito, Pig",0.5060539695461391,275749.0,729000.0,0.3782565157750343,499
481,"Mosquito, Pig, Horse",0.505836729571793,275697.0,729000.0,0.3781851851851852,500
554,"Mouse, Otter, Mosquito",0.5029948132878881,275015.0,729000.0,0.3772496570644719,501
483,"Mosquito, Pig, Mouse",0.4947770523799162,273024.5,729000.0,0.37451920438957476,502
117,"Beaver, Horse, Ant",0.49376931943186736,272778.5,729000.0,0.374181755829904,503
697,"Pig, Mosquito, Horse",0.4909254515917262,272082.0,729000.0,0.37322633744855965,504
673,"Pig, Cricket, Otter",0.4887807647324339,271554.5,729000.0,0.37250274348422496,505
640,"Otter, Pig, Beaver",0.4854563517350467,270733.0,729000.0,0.3713758573388203,506
333,"Horse, Beaver, Ant",0.4853675834507996,270711.0,729000.0,0.37134567901234566,507
713,"Pig, Otter, Cricket",0.4771014741875737,268647.5,729000.0,0.36851508916323733,508
583,"Otter, Beaver, Otter",0.4767813931179845,268567.0,729000.0,0.36840466392318244,509
152,"Beaver, Otter, Pig",0.47458145659982065,268012.5,729000.0,0.3676440329218107,510
699,"Pig, Mosquito, Mouse",0.47391659638887523,267844.5,729000.0,0.36741358024691356,511
666,"Pig, Cricket, Ant",0.4722223355557809,267415.5,729000.0,0.36682510288065845,512
631,"Otter, Otter, Beaver",0.47186950526727434,267326.0,729000.0,0.36670233196159124,513
552,"Mouse, Otter, Fish",0.4714558490383089,267221.0,729000.0,0.36655829903978054,514
689,"Pig, Horse, Mosquito",0.46741203075159143,266190.5,729000.0,0.3651447187928669,515
105,"Beaver, Cricket, Mouse",0.4629060512977174,265033.5,729000.0,0.36355761316872426,516
401,"Horse, Pig, Mosquito",0.4616022959831504,264697.0,729000.0,0.3630960219478738,517
584,"Otter, Beaver, Pig",0.45999278024033435,264280.5,729000.0,0.3625246913580247,518
449,"Mosquito, Horse, Pig",0.45478657753143625,262925.0,729000.0,0.3606652949245542,519
355,"Horse, Fish, Horse",0.44503353569652193,260351.0,729000.0,0.35713443072702333,520
124,"Beaver, Horse, Otter",0.4357160321413225,257848.5,729000.0,0.353701646090535,521
506,"Mouse, Cricket, Cricket",0.4269153161941719,255444.5,729000.0,0.3504039780521262,522
332,"Horse, Ant, Pig",0.42531481659869347,255003.0,729000.0,0.349798353909465,523
496,"Mouse, Beaver, Beaver",0.42274934029094924,254292.5,729000.0,0.348823731138546,524
705,"Pig, Mouse, Fish",0.4212081611464809,253864.0,729000.0,0.34823593964334704,525
229,"Cricket, Otter, Horse",0.4206984331341121,253722.0,729000.0,0.3480411522633745,526
136,"Beaver, Mouse, Beaver",0.4169945950798416,252686.0,729000.0,0.34662002743484227,527
40,"Ant, Horse, Horse",0.41388860416652057,251811.5,729000.0,0.345420438957476,528
234,"Cricket, Pig, Ant",0.4124441040529661,251403.0,729000.0,0.34486008230452675,529
722,"Pig, Pig, Cricket",0.41205229597074444,251292.0,729000.0,0.34470781893004115,530
283,"Fish, Horse, Horse",0.40464875860987337,249178.5,729000.0,0.34180864197530864,531
521,"Mouse, Fish, Pig",0.4031434491565904,248745.0,729000.0,0.3412139917695473,532
670,"Pig, Cricket, Horse",0.39427993208046397,246166.0,729000.0,0.337676268861454,533
712,"Pig, Otter, Beaver",0.39406366614771143,246102.5,729000.0,0.33758916323731136,534
305,"Fish, Mouse, Pig",0.39278332832285234,245726.0,729000.0,0.33707270233196157,535
363,"Horse, Horse, Fish",0.3910982655557331,245229.0,729000.0,0.3363909465020576,536
328,"Horse, Ant, Horse",0.3893936335555795,244724.5,729000.0,0.33569890260631,537
340,"Horse, Beaver, Otter",0.3892857088140321,244692.5,729000.0,0.3356550068587106,538
505,"Mouse, Cricket, Beaver",0.3881017790001492,244341.0,729000.0,0.3351728395061728,539
218,"Cricket, Mouse, Cricket",0.3870801361305659,244037.0,729000.0,0.33475582990397806,540
641,"Otter, Pig, Cricket",0.37879989724731544,241549.5,729000.0,0.33134362139917695,541
539,"Mouse, Mosquito, Pig",0.3770390142222202,241015.0,729000.0,0.33061042524005485,542
341,"Horse, Beaver, Pig",0.3746100916360787,240274.5,729000.0,0.32959465020576134,543
357,"Horse, Fish, Mouse",0.37449395648994616,240239.0,729000.0,0.3295459533607682,544
238,"Cricket, Pig, Horse",0.37350386528590424,239936.0,729000.0,0.3291303155006859,545
342,"Horse, Cricket, Ant",0.37166963065179764,239373.0,729000.0,0.328358024691358,546
285,"Fish, Horse, Mouse",0.37115613999602265,239215.0,729000.0,0.32814128943758575,547
233,"Cricket, Otter, Pig",0.36744665518476716,238068.5,729000.0,0.32656858710562414,548
389,"Horse, Otter, Cricket",0.3658813569195907,237582.0,729000.0,0.3259012345679012,549
707,"Pig, Mouse, Mosquito",0.36557951451851645,237488.0,729000.0,0.32577229080932785,550
349,"Horse, Cricket, Otter",0.3630280540404739,236691.0,729000.0,0.32467901234567903,551
373,"Horse, Mosquito, Horse",0.36246808512900036,236515.5,729000.0,0.32443827160493827,552
206,"Cricket, Horse, Pig",0.35724085307851794,234867.0,729000.0,0.3221769547325103,553
447,"Mosquito, Horse, Mouse",0.356277018031974,234561.0,729000.0,0.32175720164609056,554
217,"Cricket, Mouse, Beaver",0.3560646784170242,234493.5,729000.0,0.3216646090534979,555
186,"Cricket, Cricket, Mouse",0.35540312169270605,234283.0,729000.0,0.3213758573388203,556
593,"Otter, Cricket, Pig",0.35388874533655756,233800.0,729000.0,0.32071330589849106,557
375,"Horse, Mosquito, Mouse",0.3450370612384621,230944.5,729000.0,0.3167962962962963,558
604,"Otter, Horse, Beaver",0.3435093860497938,230446.0,729000.0,0.3161124828532236,559
177,"Cricket, Beaver, Mouse",0.3433151603938239,230382.5,729000.0,0.3160253772290809,560
445,"Mosquito, Horse, Horse",0.3374413291825404,228449.0,729000.0,0.3133731138545953,561
381,"Horse, Mouse, Fish",0.33667242475244824,228194.0,729000.0,0.31302331961591223,562
467,"Mosquito, Mouse, Pig",0.3362342958276166,228048.5,729000.0,0.31282373113854595,563
497,"Mouse, Beaver, Cricket",0.33356975823457014,227160.5,729000.0,0.3116056241426612,564
157,"Beaver, Pig, Horse",0.33317206537418775,227027.5,729000.0,0.311423182441701,565
637,"Otter, Otter, Otter",0.33256874020314003,226825.5,729000.0,0.31114609053497944,566
365,"Horse, Horse, Mosquito",0.3313169590673851,226405.5,729000.0,0.31056995884773664,567
148,"Beaver, Otter, Horse",0.33106554554924256,226321.0,729000.0,0.3104540466392318,568
630,"Otter, Otter, Ant",0.3305245312899335,226139.0,729000.0,0.31020438957475993,569
241,"Cricket, Pig, Otter",0.321356550219984,223020.0,729000.0,0.30592592592592593,570
661,"Pig, Beaver, Horse",0.3178347221747203,221804.0,729000.0,0.3042578875171468,571
388,"Horse, Otter, Beaver",0.31646691628152573,221329.0,729000.0,0.3036063100137174,572
125,"Beaver, Horse, Pig",0.31505338535776045,220836.5,729000.0,0.30293072702331963,573
685,"Pig, Horse, Beaver",0.31471684740743544,220719.0,729000.0,0.30276954732510286,574
561,"Mouse, Pig, Fish",0.31113057976551495,219461.0,729000.0,0.30104389574759943,575
674,"Pig, Cricket, Pig",0.3096811798972916,218949.5,729000.0,0.30034224965706446,576
346,"Horse, Cricket, Horse",0.3096345091195047,218933.0,729000.0,0.3003196159122085,577
563,"Mouse, Pig, Mosquito",0.3067651885985896,217915.0,729000.0,0.29892318244170096,578
242,"Cricket, Pig, Pig",0.30644510725313245,217801.0,729000.0,0.2987668038408779,579
397,"Horse, Pig, Beaver",0.30559557235626106,217498.0,729000.0,0.2983511659807956,580
135,"Beaver, Mouse, Ant",0.3051141079403553,217326.0,729000.0,0.2981152263374486,581
301,"Fish, Mouse, Horse",0.3025678529581899,216413.0,729000.0,0.2968628257887517,582
202,"Cricket, Horse, Horse",0.30150302929243583,216029.5,729000.0,0.29633676268861453,583
383,"Horse, Mouse, Mosquito",0.3009571211120909,215832.5,729000.0,0.29606652949245543,584
303,"Fish, Mouse, Mouse",0.2970067269707882,214399.0,729000.0,0.29410013717421124,585
142,"Beaver, Mouse, Otter",0.28974685879590745,211727.5,729000.0,0.2904355281207133,586
580,"Otter, Beaver, Horse",0.28719154645792516,210775.5,729000.0,0.2891296296296296,587
605,"Otter, Horse, Cricket",0.2855722315340597,210169.0,729000.0,0.2882976680384088,588
465,"Mosquito, Mouse, Mouse",0.2808595283084216,208389.5,729000.0,0.28585665294924556,589
494,"Mouse, Ant, Pig",0.2801008547997125,208101.0,729000.0,0.28546090534979424,590
150,"Beaver, Otter, Mouse",0.27785988232229686,207245.5,729000.0,0.28428737997256515,591
686,"Pig, Horse, Cricket",0.2675434413360872,203241.5,729000.0,0.2787949245541838,592
517,"Mouse, Fish, Horse",0.2675256511046991,203234.5,729000.0,0.27878532235939646,593
720,"Pig, Pig, Ant",0.26583185654012914,202566.5,729000.0,0.27786899862825787,594
463,"Mosquito, Mouse, Horse",0.26488816059284537,202193.0,729000.0,0.27735665294924555,595
639,"Otter, Pig, Ant",0.2643951623485683,201997.5,729000.0,0.27708847736625514,596
490,"Mouse, Ant, Horse",0.2642452498529729,201938.0,729000.0,0.2770068587105624,597
711,"Pig, Otter, Ant",0.2632666475434963,201549.0,729000.0,0.2764732510288066,598
535,"Mouse, Mosquito, Horse",0.2619650431640506,201030.0,729000.0,0.275761316872428,599
718,"Pig, Otter, Otter",0.2596106049697739,200086.5,729000.0,0.2744670781893004,600
525,"Mouse, Horse, Fish",0.2555453947308624,198443.0,729000.0,0.27221262002743485,601
504,"Mouse, Cricket, Ant",0.2545224013250343,198026.5,729000.0,0.27164128943758575,602
495,"Mouse, Beaver, Ant",0.252814506038728,197328.5,729000.0,0.2706838134430727,603
527,"Mouse, Horse, Mosquito",0.25264977546969725,197261.0,729000.0,0.2705912208504801,604
511,"Mouse, Cricket, Otter",0.24501397533975283,194097.5,729000.0,0.2662517146776406,605
543,"Mouse, Mouse, Fish",0.2389404918067718,191531.5,729000.0,0.2627318244170096,606
537,"Mouse, Mosquito, Mouse",0.23505507045716956,189866.0,729000.0,0.2604471879286694,607
216,"Cricket, Mouse, Ant",0.23372853269063476,189293.0,729000.0,0.2596611796982167,608
545,"Mouse, Mouse, Mosquito",0.23350794848147946,189197.5,729000.0,0.2595301783264746,609
622,"Otter, Mouse, Beaver",0.23328520092968447,189101.0,729000.0,0.25939780521262,610
623,"Otter, Mouse, Cricket",0.23220931821804727,188634.0,729000.0,0.25875720164609056,611
159,"Beaver, Pig, Mouse",0.2315991868903991,188368.5,729000.0,0.2583930041152263,612
350,"Horse, Cricket, Pig",0.23036509056374335,187830.0,729000.0,0.25765432098765434,613
398,"Horse, Pig, Cricket",0.22577841359331444,185811.0,729000.0,0.25488477366255147,614
638,"Otter, Otter, Pig",0.22471189376767142,185337.5,729000.0,0.25423525377229084,615
551,"Mouse, Otter, Cricket",0.22028500309950455,183355.5,729000.0,0.2515164609053498,616
508,"Mouse, Cricket, Horse",0.21700193128173326,181868.0,729000.0,0.24947599451303154,617
550,"Mouse, Otter, Beaver",0.21608319087322014,181449.0,729000.0,0.24890123456790123,618
519,"Mouse, Fish, Mouse",0.21596826054610252,181396.5,729000.0,0.24882921810699588,619
591,"Otter, Cricket, Mouse",0.21487576094652738,180896.5,729000.0,0.24814334705075447,620
223,"Cricket, Mouse, Otter",0.21428083846022508,180623.5,729000.0,0.24776886145404664,621
231,"Cricket, Otter, Mouse",0.21125713878426775,179228.0,729000.0,0.24585459533607681,622
582,"Otter, Beaver, Mouse",0.21112670547453186,179167.5,729000.0,0.2457716049382716,623
502,"Mouse, Beaver, Otter",0.20923990315855184,178289.5,729000.0,0.24456721536351167,624
387,"Horse, Otter, Ant",0.2082516432197747,177827.5,729000.0,0.24393347050754458,625
663,"Pig, Beaver, Mouse",0.2077533597791792,177594.0,729000.0,0.24361316872427982,626
646,"Otter, Pig, Otter",0.20726226324449565,177363.5,729000.0,0.24329698216735254,627
337,"Horse, Beaver, Horse",0.20494518861773217,176271.0,729000.0,0.24179835390946502,628
727,"Pig, Pig, Otter",0.20352648421094716,175598.0,729000.0,0.24087517146776405,629
204,"Cricket, Horse, Mouse",0.1974261118773741,172668.0,729000.0,0.2368559670781893,630
121,"Beaver, Horse, Horse",0.19627517417945273,172108.5,729000.0,0.23608847736625516,631
361,"Horse, Horse, Beaver",0.19616022224660729,172052.5,729000.0,0.2360116598079561,632
728,"Pig, Pig, Pig",0.1940365211758764,171014.0,729000.0,0.23458710562414267,633
647,"Otter, Pig, Pig",0.19398864054406892,170990.5,729000.0,0.23455486968449932,634
394,"Horse, Otter, Otter",0.1910039279744224,169518.0,729000.0,0.2325349794238683,635
603,"Otter, Horse, Ant",0.19071870996344886,169376.5,729000.0,0.23234087791495198,636
704,"Pig, Mouse, Cricket",0.19013302581541527,169085.5,729000.0,0.2319417009602195,637
503,"Mouse, Beaver, Pig",0.19007874377825,169058.5,729000.0,0.23190466392318243,638
719,"Pig, Otter, Pig",0.1839497960612341,165977.0,729000.0,0.22767764060356652,639
703,"Pig, Mouse, Beaver",0.1818852835381578,164924.0,729000.0,0.22623319615912207,640
220,"Cricket, Mouse, Horse",0.17503640311804142,161374.5,729000.0,0.2213641975308642,641
123,"Beaver, Horse, Mouse",0.1677039845720746,157474.5,729000.0,0.21601440329218108,642
143,"Beaver, Mouse, Pig",0.1665769246897765,156865.5,729000.0,0.21517901234567902,643
559,"Mouse, Pig, Beaver",0.16335847503563136,155112.0,729000.0,0.21277366255144034,644
684,"Pig, Horse, Ant",0.16287460241786136,154846.5,729000.0,0.21240946502057614,645
610,"Otter, Horse, Otter",0.15532124239727657,150636.5,729000.0,0.2066344307270233,646
634,"Otter, Otter, Horse",0.15477737639036834,150328.5,729000.0,0.2062119341563786,647
672,"Pig, Cricket, Mouse",0.15351147527477524,149609.0,729000.0,0.2052249657064472,648
396,"Horse, Pig, Ant",0.153408831373343,149550.5,729000.0,0.20514471879286694,649
512,"Mouse, Cricket, Pig",0.1526495323041625,149117.0,729000.0,0.20455006858710562,650
362,"Horse, Horse, Cricket",0.1514970874087955,148456.5,729000.0,0.20364403292181069,651
621,"Otter, Mouse, Ant",0.14671019887438386,145679.5,729000.0,0.19983470507544582,652
224,"Cricket, Mouse, Pig",0.14575539347673988,145119.0,729000.0,0.19906584362139917,653
379,"Horse, Mouse, Beaver",0.1451220921651293,144746.0,729000.0,0.19855418381344309,654
380,"Horse, Mouse, Cricket",0.1388772511411515,141014.0,729000.0,0.19343484224965707,655
549,"Mouse, Otter, Ant",0.13579048779525854,139132.0,729000.0,0.19085322359396434,656
339,"Horse, Beaver, Mouse",0.13333404664798776,137616.0,729000.0,0.18877366255144032,657
395,"Horse, Otter, Pig",0.13173384696584559,136619.5,729000.0,0.18740672153635116,658
628,"Otter, Mouse, Otter",0.12977916562690203,135392.5,729000.0,0.18572359396433472,659
523,"Mouse, Horse, Beaver",0.12812009454636125,134342.5,729000.0,0.18428326474622772,660
139,"Beaver, Mouse, Horse",0.1275517965788758,133981.0,729000.0,0.18378737997256517,661
636,"Otter, Otter, Mouse",0.12660166518872365,133374.5,729000.0,0.1829554183813443,662
691,"Pig, Horse, Otter",0.12658212660287288,133362.0,729000.0,0.18293827160493828,663
611,"Otter, Horse, Pig",0.1255794353799994,132719.0,729000.0,0.1820562414266118,664
556,"Mouse, Otter, Otter",0.1244652786273381,132001.0,729000.0,0.18107133058984912,665
141,"Beaver, Mouse, Mouse",0.1192786106202948,128608.5,729000.0,0.17641769547325103,666
560,"Mouse, Pig, Cricket",0.1183722602123273,128007.0,729000.0,0.1755925925925926,667
403,"Horse, Pig, Otter",0.11772825618435064,127578.0,729000.0,0.17500411522633744,668
499,"Mouse, Beaver, Horse",0.11711315854775738,127167.0,729000.0,0.174440329218107,669
348,"Horse, Cricket, Mouse",0.11635469053555207,126658.5,729000.0,0.17374279835390946,670
702,"Pig, Mouse, Ant",0.1132527831375126,124559.0,729000.0,0.17086282578875173,671
715,"Pig, Otter, Horse",0.1103426529164977,122559.5,729000.0,0.16812002743484225,672
404,"Horse, Pig, Pig",0.10953740688959115,122001.0,729000.0,0.16735390946502057,673
643,"Otter, Pig, Horse",0.10389694574712761,118023.0,729000.0,0.16189711934156378,674
692,"Pig, Horse, Pig",0.1020804213783871,116716.5,729000.0,0.16010493827160494,675
541,"Mouse, Mouse, Beaver",0.10108825148694811,115997.5,729000.0,0.15911865569272976,676
240,"Cricket, Pig, Mouse",0.09801083160793118,113742.5,729000.0,0.15602537722908094,677
360,"Horse, Horse, Ant",0.09762017207674266,113453.5,729000.0,0.1556289437585734,678
524,"Mouse, Horse, Cricket",0.0935552208002793,110408.5,729000.0,0.1514519890260631,679
542,"Mouse, Mouse, Cricket",0.09149815567204601,108840.5,729000.0,0.14930109739369,680
724,"Pig, Pig, Horse",0.0890708896129571,106966.0,729000.0,0.14672976680384087,681
709,"Pig, Mouse, Otter",0.08799692931183692,106128.0,729000.0,0.14558024691358024,682
378,"Horse, Mouse, Ant",0.08711143316832601,105433.0,729000.0,0.14462688614540467,683
629,"Otter, Mouse, Pig",0.08686319461123113,105237.5,729000.0,0.14435871056241426,684
558,"Mouse, Pig, Ant",0.08619461432098104,104709.5,729000.0,0.1436344307270233,685
717,"Pig, Otter, Mouse",0.08318768654833776,102308.0,729000.0,0.14034019204389575,686
557,"Mouse, Otter, Pig",0.08318148385255154,102303.0,729000.0,0.14033333333333334,687
391,"Horse, Otter, Horse",0.07965195589707587,99426.0,729000.0,0.13638683127572016,688
510,"Mouse, Cricket, Mouse",0.07878152380559642,98706.5,729000.0,0.13539986282578875,689
367,"Horse, Horse, Otter",0.0759895710020498,96371.0,729000.0,0.13219615912208504,690
222,"Cricket, Mouse, Mouse",0.07301944205750689,93838.5,729000.0,0.1287222222222222,691
501,"Mouse, Beaver, Mouse",0.0730142171138035,93834.0,729000.0,0.12871604938271605,692
607,"Otter, Horse, Horse",0.07029672847710855,91471.5,729000.0,0.1254753086419753,693
565,"Mouse, Pig, Otter",0.07015265684936406,91345.0,729000.0,0.12530178326474622,694
385,"Horse, Mouse, Otter",0.06621610702059315,87838.0,729000.0,0.12049108367626886,695
522,"Mouse, Horse, Ant",0.06511824282675438,86842.0,729000.0,0.11912482853223594,696
645,"Otter, Pig, Mouse",0.0629840800992515,84882.5,729000.0,0.1164368998628258,697
540,"Mouse, Mouse, Ant",0.06073397384921681,82782.0,729000.0,0.11355555555555556,698
393,"Horse, Otter, Mouse",0.05988399449878117,81979.0,729000.0,0.11245404663923182,699
368,"Horse, Horse, Pig",0.059680014743665924,81785.5,729000.0,0.11218861454046639,700
625,"Otter, Mouse, Horse",0.057427688208916895,79628.0,729000.0,0.10922908093278463,701
566,"Mouse, Pig, Pig",0.05588953629020791,78132.0,729000.0,0.1071769547325103,702
710,"Pig, Mouse, Pig",0.053464450855635844,75734.5,729000.0,0.10388820301783265,703
553,"Mouse, Otter, Horse",0.05321039552059472,75480.5,729000.0,0.103539780521262,704
400,"Horse, Pig, Horse",0.05271088979372753,74979.5,729000.0,0.10285253772290809,705
529,"Mouse, Horse, Otter",0.05184754216893914,74108.5,729000.0,0.10165775034293553,706
609,"Otter, Horse, Mouse",0.05050398100071711,72740.0,729000.0,0.09978052126200275,707
688,"Pig, Horse, Horse",0.048313298249532295,70473.5,729000.0,0.09667146776406035,708
547,"Mouse, Mouse, Otter",0.04800506604021526,70151.0,729000.0,0.09622908093278464,709
627,"Otter, Mouse, Mouse",0.04475735650218933,66696.5,729000.0,0.09149039780521262,710
726,"Pig, Pig, Mouse",0.04409005661196124,65973.5,729000.0,0.09049862825788751,711
386,"Horse, Mouse, Pig",0.03966508987176426,61057.0,729000.0,0.08375445816186557,712
555,"Mouse, Otter, Mouse",0.03888536181000549,60167.5,729000.0,0.08253429355281207,713
530,"Mouse, Horse, Pig",0.03571905213755693,56478.5,729000.0,0.07747393689986283,714
706,"Pig, Mouse, Horse",0.032150813031140854,52162.0,729000.0,0.07155281207133059,715
562,"Mouse, Pig, Horse",0.03173484238948,51647.0,729000.0,0.07084636488340192,716
690,"Pig, Horse, Mouse",0.03028532050991689,49832.0,729000.0,0.06835665294924555,717
364,"Horse, Horse, Horse",0.029232341940493158,48493.0,729000.0,0.066519890260631,718
402,"Horse, Pig, Mouse",0.027527389566512846,46286.5,729000.0,0.06349314128943759,719
548,"Mouse, Mouse, Pig",0.02570198913597332,43868.5,729000.0,0.060176268861454045,720
382,"Horse, Mouse, Horse",0.023938733308470125,41474.5,729000.0,0.0568923182441701,721
708,"Pig, Mouse, Mouse",0.02274240094564329,39815.5,729000.0,0.05461659807956104,722
526,"Mouse, Horse, Horse",0.020108771847588244,36056.5,729000.0,0.049460219478738,723
366,"Horse, Horse, Mouse",0.018793560126045782,34120.0,729000.0,0.046803840877914955,724
384,"Horse, Mouse, Mouse",0.017287325876300927,31849.5,729000.0,0.043689300411522636,725
544,"Mouse, Mouse, Horse",0.01726833704095137,31820.5,729000.0,0.043649519890260634,726
564,"Mouse, Pig, Mouse",0.016407447375891115,30495.5,729000.0,0.04183196159122085,727
528,"Mouse, Horse, Mouse",0.012682186924234957,24511.0,729000.0,0.033622770919067214,728
546,"Mouse, Mouse, Mouse",0.012079154856320058,23500.0,729000.0,0.03223593964334705,729
